idx,type,name,0,2,4,8,16,32,64,128,256,512,1024,2048,up,down,left,right,upper,lower,title,producer,unlock,price,cash,final
0,wooden,wooden,dance_loop0.ogg,4.ogg,ESM_Wooden_Pickup_1_Mobile_App_Game_FX_Sound_Magic_Musical_Element_Transition_Chord_Simple_Hit.wav,ESM_Wooden_Sequence_1_Mobile_App_Game_FX_Sound_Magic_Musical_Element_Transition_Chord_Simple_Hit.wav,ESM_Wooden_Pickup_2_Mobile_App_Game_FX_Sound_Magic_Musical_Element_Transition_Chord_Simple_Hit.wav,ESM_Wooden_Sequence_2_Mobile_App_Game_FX_Sound_Magic_Musical_Element_Transition_Chord_Simple_Hit.wav,ESM_Wooden_Pickup_Multi_2_Mobile_App_Game_FX_Sound_Magic_Musical_Element_Transition_Chord_Simple_Hit.wav,ESM_Wooden_Sequence_3_Mobile_App_Game_FX_Sound_Magic_Musical_Element_Transition_Chord_Simple_Hit.wav,ESM_Wooden_Select_2_Mobile_App_Game_FX_Sound_Magic_Fantasy_Touch_Accent_Stab_Hit.wav,ESM_Lighthearted_Bonus_Objective_5_Mobile_App_Game_FX_Sound_Magic_Fantasy_Musical_Element_Transition_Chord_.wav,ESM_Lighthearted_Bonus_Objective_6_Mobile_App_Game_FX_Sound_Magic_Fantasy_Musical_Element_Transition_Chord_.wav,ESM_Island_Bonus_Objective_3_Mobile_App_Game_FX_Sound_Magic_Fantasy_Musical_Element_Transition_Chord_.wav,ESM_Wood_Block_UI_Mobile_App_Game_FX_Sound_Magic_Fantasy_Touch_Accent_Stab_Hit.wav,ESM_Wood_Block_UI_2_Dry_Mobile_App_Game_FX_Sound_Magic_Fantasy_Touch_Accent_Stab_Hit.wav,ESM_Wood_Block_UI_Mobile_App_Game_FX_Sound_Magic_Fantasy_Touch_Accent_Stab_Hit.wav,ESM_Wood_Block_UI_2_Dry_Mobile_App_Game_FX_Sound_Magic_Fantasy_Touch_Accent_Stab_Hit.wav,11.ogg,11.ogg,Dance Hall,AKAI PRO,0,3000,0,1
1,wooden,High End Party,High End Party.ogg,4.ogg,ESM_Wooden_Pickup_1_Mobile_App_Game_FX_Sound_Magic_Musical_Element_Transition_Chord_Simple_Hit.wav,ESM_Wooden_Sequence_1_Mobile_App_Game_FX_Sound_Magic_Musical_Element_Transition_Chord_Simple_Hit.wav,ESM_Wooden_Pickup_2_Mobile_App_Game_FX_Sound_Magic_Musical_Element_Transition_Chord_Simple_Hit.wav,ESM_Wooden_Sequence_2_Mobile_App_Game_FX_Sound_Magic_Musical_Element_Transition_Chord_Simple_Hit.wav,ESM_Wooden_Pickup_Multi_2_Mobile_App_Game_FX_Sound_Magic_Musical_Element_Transition_Chord_Simple_Hit.wav,ESM_Wooden_Sequence_3_Mobile_App_Game_FX_Sound_Magic_Musical_Element_Transition_Chord_Simple_Hit.wav,ESM_Wooden_Select_2_Mobile_App_Game_FX_Sound_Magic_Fantasy_Touch_Accent_Stab_Hit.wav,ESM_Lighthearted_Bonus_Objective_5_Mobile_App_Game_FX_Sound_Magic_Fantasy_Musical_Element_Transition_Chord_.wav,ESM_Lighthearted_Bonus_Objective_6_Mobile_App_Game_FX_Sound_Magic_Fantasy_Musical_Element_Transition_Chord_.wav,ESM_Island_Bonus_Objective_3_Mobile_App_Game_FX_Sound_Magic_Fantasy_Musical_Element_Transition_Chord_.wav,ESM_Wood_Block_UI_Mobile_App_Game_FX_Sound_Magic_Fantasy_Touch_Accent_Stab_Hit.wav,ESM_Wood_Block_UI_2_Dry_Mobile_App_Game_FX_Sound_Magic_Fantasy_Touch_Accent_Stab_Hit.wav,ESM_Wood_Block_UI_Mobile_App_Game_FX_Sound_Magic_Fantasy_Touch_Accent_Stab_Hit.wav,ESM_Wood_Block_UI_2_Dry_Mobile_App_Game_FX_Sound_Magic_Fantasy_Touch_Accent_Stab_Hit.wav,11.ogg,11.ogg,High End Party,jhaeka,0,3000,0,1
2,wooden,Catwalk,Catwalk.ogg,4.ogg,ESM_Wooden_Pickup_1_Mobile_App_Game_FX_Sound_Magic_Musical_Element_Transition_Chord_Simple_Hit.wav,ESM_Wooden_Sequence_1_Mobile_App_Game_FX_Sound_Magic_Musical_Element_Transition_Chord_Simple_Hit.wav,ESM_Wooden_Pickup_2_Mobile_App_Game_FX_Sound_Magic_Musical_Element_Transition_Chord_Simple_Hit.wav,ESM_Wooden_Sequence_2_Mobile_App_Game_FX_Sound_Magic_Musical_Element_Transition_Chord_Simple_Hit.wav,ESM_Wooden_Pickup_Multi_2_Mobile_App_Game_FX_Sound_Magic_Musical_Element_Transition_Chord_Simple_Hit.wav,ESM_Wooden_Sequence_3_Mobile_App_Game_FX_Sound_Magic_Musical_Element_Transition_Chord_Simple_Hit.wav,ESM_Wooden_Select_2_Mobile_App_Game_FX_Sound_Magic_Fantasy_Touch_Accent_Stab_Hit.wav,ESM_Lighthearted_Bonus_Objective_5_Mobile_App_Game_FX_Sound_Magic_Fantasy_Musical_Element_Transition_Chord_.wav,ESM_Lighthearted_Bonus_Objective_6_Mobile_App_Game_FX_Sound_Magic_Fantasy_Musical_Element_Transition_Chord_.wav,ESM_Island_Bonus_Objective_3_Mobile_App_Game_FX_Sound_Magic_Fantasy_Musical_Element_Transition_Chord_.wav,ESM_Wood_Block_UI_Mobile_App_Game_FX_Sound_Magic_Fantasy_Touch_Accent_Stab_Hit.wav,ESM_Wood_Block_UI_2_Dry_Mobile_App_Game_FX_Sound_Magic_Fantasy_Touch_Accent_Stab_Hit.wav,ESM_Wood_Block_UI_Mobile_App_Game_FX_Sound_Magic_Fantasy_Touch_Accent_Stab_Hit.wav,ESM_Wood_Block_UI_2_Dry_Mobile_App_Game_FX_Sound_Magic_Fantasy_Touch_Accent_Stab_Hit.wav,11.ogg,11.ogg,Catwalk,jhaeka,0,3000,0,1
3,wooden,Lost in the Dessert,Lost in the Dessert.ogg,4.ogg,ESM_Wooden_Pickup_1_Mobile_App_Game_FX_Sound_Magic_Musical_Element_Transition_Chord_Simple_Hit.wav,ESM_Wooden_Sequence_1_Mobile_App_Game_FX_Sound_Magic_Musical_Element_Transition_Chord_Simple_Hit.wav,ESM_Wooden_Pickup_2_Mobile_App_Game_FX_Sound_Magic_Musical_Element_Transition_Chord_Simple_Hit.wav,ESM_Wooden_Sequence_2_Mobile_App_Game_FX_Sound_Magic_Musical_Element_Transition_Chord_Simple_Hit.wav,ESM_Wooden_Pickup_Multi_2_Mobile_App_Game_FX_Sound_Magic_Musical_Element_Transition_Chord_Simple_Hit.wav,ESM_Wooden_Sequence_3_Mobile_App_Game_FX_Sound_Magic_Musical_Element_Transition_Chord_Simple_Hit.wav,ESM_Wooden_Select_2_Mobile_App_Game_FX_Sound_Magic_Fantasy_Touch_Accent_Stab_Hit.wav,ESM_Lighthearted_Bonus_Objective_5_Mobile_App_Game_FX_Sound_Magic_Fantasy_Musical_Element_Transition_Chord_.wav,ESM_Lighthearted_Bonus_Objective_6_Mobile_App_Game_FX_Sound_Magic_Fantasy_Musical_Element_Transition_Chord_.wav,ESM_Island_Bonus_Objective_3_Mobile_App_Game_FX_Sound_Magic_Fantasy_Musical_Element_Transition_Chord_.wav,ESM_Wood_Block_UI_Mobile_App_Game_FX_Sound_Magic_Fantasy_Touch_Accent_Stab_Hit.wav,ESM_Wood_Block_UI_2_Dry_Mobile_App_Game_FX_Sound_Magic_Fantasy_Touch_Accent_Stab_Hit.wav,ESM_Wood_Block_UI_Mobile_App_Game_FX_Sound_Magic_Fantasy_Touch_Accent_Stab_Hit.wav,ESM_Wood_Block_UI_2_Dry_Mobile_App_Game_FX_Sound_Magic_Fantasy_Touch_Accent_Stab_Hit.wav,11.ogg,11.ogg,Lost in the Dessert,jhaeka,0,3000,0,1
4,wooden,You_re in the Future,You_re in the Future.ogg,4.ogg,ESM_Wooden_Pickup_1_Mobile_App_Game_FX_Sound_Magic_Musical_Element_Transition_Chord_Simple_Hit.wav,ESM_Wooden_Sequence_1_Mobile_App_Game_FX_Sound_Magic_Musical_Element_Transition_Chord_Simple_Hit.wav,ESM_Wooden_Pickup_2_Mobile_App_Game_FX_Sound_Magic_Musical_Element_Transition_Chord_Simple_Hit.wav,ESM_Wooden_Sequence_2_Mobile_App_Game_FX_Sound_Magic_Musical_Element_Transition_Chord_Simple_Hit.wav,ESM_Wooden_Pickup_Multi_2_Mobile_App_Game_FX_Sound_Magic_Musical_Element_Transition_Chord_Simple_Hit.wav,ESM_Wooden_Sequence_3_Mobile_App_Game_FX_Sound_Magic_Musical_Element_Transition_Chord_Simple_Hit.wav,ESM_Wooden_Select_2_Mobile_App_Game_FX_Sound_Magic_Fantasy_Touch_Accent_Stab_Hit.wav,ESM_Lighthearted_Bonus_Objective_5_Mobile_App_Game_FX_Sound_Magic_Fantasy_Musical_Element_Transition_Chord_.wav,ESM_Lighthearted_Bonus_Objective_6_Mobile_App_Game_FX_Sound_Magic_Fantasy_Musical_Element_Transition_Chord_.wav,ESM_Island_Bonus_Objective_3_Mobile_App_Game_FX_Sound_Magic_Fantasy_Musical_Element_Transition_Chord_.wav,ESM_Wood_Block_UI_Mobile_App_Game_FX_Sound_Magic_Fantasy_Touch_Accent_Stab_Hit.wav,ESM_Wood_Block_UI_2_Dry_Mobile_App_Game_FX_Sound_Magic_Fantasy_Touch_Accent_Stab_Hit.wav,ESM_Wood_Block_UI_Mobile_App_Game_FX_Sound_Magic_Fantasy_Touch_Accent_Stab_Hit.wav,ESM_Wood_Block_UI_2_Dry_Mobile_App_Game_FX_Sound_Magic_Fantasy_Touch_Accent_Stab_Hit.wav,11.ogg,11.ogg,You_re in the Future,jhaeka,0,3000,0,1
5,wooden,Beach House,Beach House.ogg,4.ogg,ESM_Wooden_Pickup_1_Mobile_App_Game_FX_Sound_Magic_Musical_Element_Transition_Chord_Simple_Hit.wav,ESM_Wooden_Sequence_1_Mobile_App_Game_FX_Sound_Magic_Musical_Element_Transition_Chord_Simple_Hit.wav,ESM_Wooden_Pickup_2_Mobile_App_Game_FX_Sound_Magic_Musical_Element_Transition_Chord_Simple_Hit.wav,ESM_Wooden_Sequence_2_Mobile_App_Game_FX_Sound_Magic_Musical_Element_Transition_Chord_Simple_Hit.wav,ESM_Wooden_Pickup_Multi_2_Mobile_App_Game_FX_Sound_Magic_Musical_Element_Transition_Chord_Simple_Hit.wav,ESM_Wooden_Sequence_3_Mobile_App_Game_FX_Sound_Magic_Musical_Element_Transition_Chord_Simple_Hit.wav,ESM_Wooden_Select_2_Mobile_App_Game_FX_Sound_Magic_Fantasy_Touch_Accent_Stab_Hit.wav,ESM_Lighthearted_Bonus_Objective_5_Mobile_App_Game_FX_Sound_Magic_Fantasy_Musical_Element_Transition_Chord_.wav,ESM_Lighthearted_Bonus_Objective_6_Mobile_App_Game_FX_Sound_Magic_Fantasy_Musical_Element_Transition_Chord_.wav,ESM_Island_Bonus_Objective_3_Mobile_App_Game_FX_Sound_Magic_Fantasy_Musical_Element_Transition_Chord_.wav,ESM_Wood_Block_UI_Mobile_App_Game_FX_Sound_Magic_Fantasy_Touch_Accent_Stab_Hit.wav,ESM_Wood_Block_UI_2_Dry_Mobile_App_Game_FX_Sound_Magic_Fantasy_Touch_Accent_Stab_Hit.wav,ESM_Wood_Block_UI_Mobile_App_Game_FX_Sound_Magic_Fantasy_Touch_Accent_Stab_Hit.wav,ESM_Wood_Block_UI_2_Dry_Mobile_App_Game_FX_Sound_Magic_Fantasy_Touch_Accent_Stab_Hit.wav,11.ogg,11.ogg,Beach House,jhaeka,0,3000,0,1
6,wooden,Puzzles,Puzzles.ogg,4.ogg,ESM_Wooden_Pickup_1_Mobile_App_Game_FX_Sound_Magic_Musical_Element_Transition_Chord_Simple_Hit.wav,ESM_Wooden_Sequence_1_Mobile_App_Game_FX_Sound_Magic_Musical_Element_Transition_Chord_Simple_Hit.wav,ESM_Wooden_Pickup_2_Mobile_App_Game_FX_Sound_Magic_Musical_Element_Transition_Chord_Simple_Hit.wav,ESM_Wooden_Sequence_2_Mobile_App_Game_FX_Sound_Magic_Musical_Element_Transition_Chord_Simple_Hit.wav,ESM_Wooden_Pickup_Multi_2_Mobile_App_Game_FX_Sound_Magic_Musical_Element_Transition_Chord_Simple_Hit.wav,ESM_Wooden_Sequence_3_Mobile_App_Game_FX_Sound_Magic_Musical_Element_Transition_Chord_Simple_Hit.wav,ESM_Wooden_Select_2_Mobile_App_Game_FX_Sound_Magic_Fantasy_Touch_Accent_Stab_Hit.wav,ESM_Lighthearted_Bonus_Objective_5_Mobile_App_Game_FX_Sound_Magic_Fantasy_Musical_Element_Transition_Chord_.wav,ESM_Lighthearted_Bonus_Objective_6_Mobile_App_Game_FX_Sound_Magic_Fantasy_Musical_Element_Transition_Chord_.wav,ESM_Island_Bonus_Objective_3_Mobile_App_Game_FX_Sound_Magic_Fantasy_Musical_Element_Transition_Chord_.wav,ESM_Wood_Block_UI_Mobile_App_Game_FX_Sound_Magic_Fantasy_Touch_Accent_Stab_Hit.wav,ESM_Wood_Block_UI_2_Dry_Mobile_App_Game_FX_Sound_Magic_Fantasy_Touch_Accent_Stab_Hit.wav,ESM_Wood_Block_UI_Mobile_App_Game_FX_Sound_Magic_Fantasy_Touch_Accent_Stab_Hit.wav,ESM_Wood_Block_UI_2_Dry_Mobile_App_Game_FX_Sound_Magic_Fantasy_Touch_Accent_Stab_Hit.wav,11.ogg,11.ogg,Puzzles,jhaeka,0,3000,0,1
7,wooden,Creepy Forest,Creepy Forest.ogg,4.ogg,ESM_Wooden_Pickup_1_Mobile_App_Game_FX_Sound_Magic_Musical_Element_Transition_Chord_Simple_Hit.wav,ESM_Wooden_Sequence_1_Mobile_App_Game_FX_Sound_Magic_Musical_Element_Transition_Chord_Simple_Hit.wav,ESM_Wooden_Pickup_2_Mobile_App_Game_FX_Sound_Magic_Musical_Element_Transition_Chord_Simple_Hit.wav,ESM_Wooden_Sequence_2_Mobile_App_Game_FX_Sound_Magic_Musical_Element_Transition_Chord_Simple_Hit.wav,ESM_Wooden_Pickup_Multi_2_Mobile_App_Game_FX_Sound_Magic_Musical_Element_Transition_Chord_Simple_Hit.wav,ESM_Wooden_Sequence_3_Mobile_App_Game_FX_Sound_Magic_Musical_Element_Transition_Chord_Simple_Hit.wav,ESM_Wooden_Select_2_Mobile_App_Game_FX_Sound_Magic_Fantasy_Touch_Accent_Stab_Hit.wav,ESM_Lighthearted_Bonus_Objective_5_Mobile_App_Game_FX_Sound_Magic_Fantasy_Musical_Element_Transition_Chord_.wav,ESM_Lighthearted_Bonus_Objective_6_Mobile_App_Game_FX_Sound_Magic_Fantasy_Musical_Element_Transition_Chord_.wav,ESM_Island_Bonus_Objective_3_Mobile_App_Game_FX_Sound_Magic_Fantasy_Musical_Element_Transition_Chord_.wav,ESM_Wood_Block_UI_Mobile_App_Game_FX_Sound_Magic_Fantasy_Touch_Accent_Stab_Hit.wav,ESM_Wood_Block_UI_2_Dry_Mobile_App_Game_FX_Sound_Magic_Fantasy_Touch_Accent_Stab_Hit.wav,ESM_Wood_Block_UI_Mobile_App_Game_FX_Sound_Magic_Fantasy_Touch_Accent_Stab_Hit.wav,ESM_Wood_Block_UI_2_Dry_Mobile_App_Game_FX_Sound_Magic_Fantasy_Touch_Accent_Stab_Hit.wav,11.ogg,11.ogg,Creepy Forest,jhaeka,0,3000,0,1
8,wooden,Groovy booty,Groovy booty.ogg,4.ogg,ESM_Wooden_Pickup_1_Mobile_App_Game_FX_Sound_Magic_Musical_Element_Transition_Chord_Simple_Hit.wav,ESM_Wooden_Sequence_1_Mobile_App_Game_FX_Sound_Magic_Musical_Element_Transition_Chord_Simple_Hit.wav,ESM_Wooden_Pickup_2_Mobile_App_Game_FX_Sound_Magic_Musical_Element_Transition_Chord_Simple_Hit.wav,ESM_Wooden_Sequence_2_Mobile_App_Game_FX_Sound_Magic_Musical_Element_Transition_Chord_Simple_Hit.wav,ESM_Wooden_Pickup_Multi_2_Mobile_App_Game_FX_Sound_Magic_Musical_Element_Transition_Chord_Simple_Hit.wav,ESM_Wooden_Sequence_3_Mobile_App_Game_FX_Sound_Magic_Musical_Element_Transition_Chord_Simple_Hit.wav,ESM_Wooden_Select_2_Mobile_App_Game_FX_Sound_Magic_Fantasy_Touch_Accent_Stab_Hit.wav,ESM_Lighthearted_Bonus_Objective_5_Mobile_App_Game_FX_Sound_Magic_Fantasy_Musical_Element_Transition_Chord_.wav,ESM_Lighthearted_Bonus_Objective_6_Mobile_App_Game_FX_Sound_Magic_Fantasy_Musical_Element_Transition_Chord_.wav,ESM_Island_Bonus_Objective_3_Mobile_App_Game_FX_Sound_Magic_Fantasy_Musical_Element_Transition_Chord_.wav,ESM_Wood_Block_UI_Mobile_App_Game_FX_Sound_Magic_Fantasy_Touch_Accent_Stab_Hit.wav,ESM_Wood_Block_UI_2_Dry_Mobile_App_Game_FX_Sound_Magic_Fantasy_Touch_Accent_Stab_Hit.wav,ESM_Wood_Block_UI_Mobile_App_Game_FX_Sound_Magic_Fantasy_Touch_Accent_Stab_Hit.wav,ESM_Wood_Block_UI_2_Dry_Mobile_App_Game_FX_Sound_Magic_Fantasy_Touch_Accent_Stab_Hit.wav,11.ogg,11.ogg,Groovy booty,jhaeka,0,3000,0,1
9,wooden,Spinning out,Spinning out.ogg,4.ogg,ESM_Wooden_Pickup_1_Mobile_App_Game_FX_Sound_Magic_Musical_Element_Transition_Chord_Simple_Hit.wav,ESM_Wooden_Sequence_1_Mobile_App_Game_FX_Sound_Magic_Musical_Element_Transition_Chord_Simple_Hit.wav,ESM_Wooden_Pickup_2_Mobile_App_Game_FX_Sound_Magic_Musical_Element_Transition_Chord_Simple_Hit.wav,ESM_Wooden_Sequence_2_Mobile_App_Game_FX_Sound_Magic_Musical_Element_Transition_Chord_Simple_Hit.wav,ESM_Wooden_Pickup_Multi_2_Mobile_App_Game_FX_Sound_Magic_Musical_Element_Transition_Chord_Simple_Hit.wav,ESM_Wooden_Sequence_3_Mobile_App_Game_FX_Sound_Magic_Musical_Element_Transition_Chord_Simple_Hit.wav,ESM_Wooden_Select_2_Mobile_App_Game_FX_Sound_Magic_Fantasy_Touch_Accent_Stab_Hit.wav,ESM_Lighthearted_Bonus_Objective_5_Mobile_App_Game_FX_Sound_Magic_Fantasy_Musical_Element_Transition_Chord_.wav,ESM_Lighthearted_Bonus_Objective_6_Mobile_App_Game_FX_Sound_Magic_Fantasy_Musical_Element_Transition_Chord_.wav,ESM_Island_Bonus_Objective_3_Mobile_App_Game_FX_Sound_Magic_Fantasy_Musical_Element_Transition_Chord_.wav,ESM_Wood_Block_UI_Mobile_App_Game_FX_Sound_Magic_Fantasy_Touch_Accent_Stab_Hit.wav,ESM_Wood_Block_UI_2_Dry_Mobile_App_Game_FX_Sound_Magic_Fantasy_Touch_Accent_Stab_Hit.wav,ESM_Wood_Block_UI_Mobile_App_Game_FX_Sound_Magic_Fantasy_Touch_Accent_Stab_Hit.wav,ESM_Wood_Block_UI_2_Dry_Mobile_App_Game_FX_Sound_Magic_Fantasy_Touch_Accent_Stab_Hit.wav,11.ogg,11.ogg,Spinning out,jhaeka,0,3000,0,1
10,wooden,Whisperer,Whisperer.ogg,4.ogg,ESM_Wooden_Pickup_1_Mobile_App_Game_FX_Sound_Magic_Musical_Element_Transition_Chord_Simple_Hit.wav,ESM_Wooden_Sequence_1_Mobile_App_Game_FX_Sound_Magic_Musical_Element_Transition_Chord_Simple_Hit.wav,ESM_Wooden_Pickup_2_Mobile_App_Game_FX_Sound_Magic_Musical_Element_Transition_Chord_Simple_Hit.wav,ESM_Wooden_Sequence_2_Mobile_App_Game_FX_Sound_Magic_Musical_Element_Transition_Chord_Simple_Hit.wav,ESM_Wooden_Pickup_Multi_2_Mobile_App_Game_FX_Sound_Magic_Musical_Element_Transition_Chord_Simple_Hit.wav,ESM_Wooden_Sequence_3_Mobile_App_Game_FX_Sound_Magic_Musical_Element_Transition_Chord_Simple_Hit.wav,ESM_Wooden_Select_2_Mobile_App_Game_FX_Sound_Magic_Fantasy_Touch_Accent_Stab_Hit.wav,ESM_Lighthearted_Bonus_Objective_5_Mobile_App_Game_FX_Sound_Magic_Fantasy_Musical_Element_Transition_Chord_.wav,ESM_Lighthearted_Bonus_Objective_6_Mobile_App_Game_FX_Sound_Magic_Fantasy_Musical_Element_Transition_Chord_.wav,ESM_Island_Bonus_Objective_3_Mobile_App_Game_FX_Sound_Magic_Fantasy_Musical_Element_Transition_Chord_.wav,ESM_Wood_Block_UI_Mobile_App_Game_FX_Sound_Magic_Fantasy_Touch_Accent_Stab_Hit.wav,ESM_Wood_Block_UI_2_Dry_Mobile_App_Game_FX_Sound_Magic_Fantasy_Touch_Accent_Stab_Hit.wav,ESM_Wood_Block_UI_Mobile_App_Game_FX_Sound_Magic_Fantasy_Touch_Accent_Stab_Hit.wav,ESM_Wood_Block_UI_2_Dry_Mobile_App_Game_FX_Sound_Magic_Fantasy_Touch_Accent_Stab_Hit.wav,11.ogg,11.ogg,Whisperer,jhaeka,0,3000,0,1
11,retro,Radiohead,Radiohead.ogg,4.ogg,ESM_Glass_Clank_1_Mobile_App_Game_FX_Sound_Magic_Fantasy.wav,ESM_Glass_Clank_2_Mobile_App_Game_FX_Sound_Magic_Fantasy.wav,ESM_Bottle_Shatter_1_Mobile_App_Game_FX_Sound_Magic_Fantasy.wav,ESM_Bottle_Shatter_2_Mobile_App_Game_FX_Sound_Magic_Fantasy.wav,ESM_Ceramic_Crafting_Success_1_Mobile_App_Game_FX_Sound_Magic_Fantasy.wav,ESM_Ceramic_Crafting_Success_2_Mobile_App_Game_FX_Sound_Magic_Fantasy.wav,ESM_Ceramic_Crafting_Success_3_Mobile_App_Game_FX_Sound_Magic_Fantasy.wav,ESM_Ceramic_Crafting_Success_4_Mobile_App_Game_FX_Sound_Magic_Fantasy.wav,ESM_Ceramic_Crafting_Success_5_Mobile_App_Game_FX_Sound_Magic_Fantasy.wav,ESM_Island_Bonus_Objective_3_Mobile_App_Game_FX_Sound_Magic_Fantasy_Musical_Element_Transition_Chord_.wav,ESM_Empty_Bottle_1_Mobile_App_Game_FX_Sound_Magic_Fantasy.wav,ESM_Empty_Bottle_1_Mobile_App_Game_FX_Sound_Magic_Fantasy.wav,ESM_Empty_Bottle_1_Mobile_App_Game_FX_Sound_Magic_Fantasy.wav,ESM_Empty_Bottle_1_Mobile_App_Game_FX_Sound_Magic_Fantasy.wav,11.ogg,11.ogg,Radiohead,jhaeka,0,4000,0,1
12,retro,Nostalgic,Nostalgic.ogg,4.ogg,ESM_Mallets_Pick_Up_1_Mobile_App_Game_FX_Sound_Magic_Fantasy_Retro_Classic_Musical_Element_Transition_Chord_Simple_Hit_Designed.wav,ESM_Mallets_Pick_Up_3_Mobile_App_Game_FX_Sound_Magic_Fantasy_Retro_Classic_Musical_Element_Transition_Chord_Simple_Hit_Designed.wav,ESM_Mallets_Little_Loss_3_Mobile_App_Game_FX_Sound_Magic_Fantasy_Retro_Classic_Musical_Element_Transition_Chord_Simple_Hit_Designed.wav,ESM_Mallets_Little_Loss_2_Mobile_App_Game_FX_Sound_Magic_Fantasy_Retro_Classic_Musical_Element_Transition_Chord_Simple_Hit_Designed.wav,ESM_Mallets_Notification_1_Mobile_App_Game_FX_Sound_Magic_Fantasy_Retro_Classic_Musical_Element_Transition_Chord_Simple_Hit_Designed.wav,ESM_Mallets_Bonus_Complete_1_Mobile_App_Game_FX_Sound_Magic_Fantasy_Retro_Classic_Musical_Element_Transition_Chord_Simple_Hit_Designed.wav,ESM_Mallets_Mission_Accomplished_1_Mobile_App_Game_FX_Sound_Magic_Fantasy_Retro_Classic_Musical_Element_Transition_Chord_Simple_Hit_Designed.wav,ESM_Mallets_Mission_Accomplished_2_Mobile_App_Game_FX_Sound_Magic_Fantasy_Retro_Classic_Musical_Element_Transition_Chord_Simple_Hit_Designed.wav,ESM_Mallets_Bonus_Complete_2_Mobile_App_Game_FX_Sound_Magic_Fantasy_Retro_Classic_Musical_Element_Transition_Chord_Simple_Hit_Designed.wav,ESM_Island_Bonus_Objective_3_Mobile_App_Game_FX_Sound_Magic_Fantasy_Musical_Element_Transition_Chord_.wav,ESM_Wooden_Select_2_Mobile_App_Game_FX_Sound_Magic_Fantasy_Touch_Accent_Stab_Hit.wav,ESM_Wooden_Select_2_Mobile_App_Game_FX_Sound_Magic_Fantasy_Touch_Accent_Stab_Hit.wav,ESM_Wooden_Select_2_Mobile_App_Game_FX_Sound_Magic_Fantasy_Touch_Accent_Stab_Hit.wav,ESM_Wooden_Select_2_Mobile_App_Game_FX_Sound_Magic_Fantasy_Touch_Accent_Stab_Hit.wav,11.ogg,11.ogg,Nostalgic,jhaeka,0,4000,0,1
13,retro,RNB,rnb16.wav,4.ogg,RnB-Kick-RS16 Kik1.WAV,RnB-Snare-RS16 Snr.WAV,RnB-Melodic-RS16 Pno1.WAV,RnB-Melodic-RS16 Pno2.WAV,RnB-Melodic-RS16 Rhd3.WAV,RnB-Melodic-RS16 Pno3.WAV,RnB-Melodic-RS16 Pno4.WAV,RnB-Melodic-RS16 Rhd4.WAV,80s-Synth-F9 GH VS Twang D.WAV,ESM_Island_Bonus_Objective_3_Mobile_App_Game_FX_Sound_Magic_Fantasy_Musical_Element_Transition_Chord_.wav,RnB-Hat-RS16 HCl.WAV,RnB-Hat-RS16 HCl.WAV,RnB-Hat-RS16 HOp.WAV,RnB-Hat-RS16 HOp.WAV,11.ogg,11.ogg,RNB,AKAI PRO,0,4000,0,1
14,retro,Drippin Wet,dripping.mp3,4.ogg,RnB-Kick-RU Kick 09.WAV,RnB-Snare-RU Snare 05.WAV,RnB-Cymbal-RU Ride 02.WAV,RnB-Snap-RU Snap 1.WAV,RnB-Snare-RU Snare 04.WAV,RnB-Kick-RU Kick 11.WAV,RnB-Pad-RU DWPad1.WAV,RnB-Piano-RU DPiano1.WAV,80s-Synth-F9 GH VS Twang D.WAV,ESM_Island_Bonus_Objective_3_Mobile_App_Game_FX_Sound_Magic_Fantasy_Musical_Element_Transition_Chord_.wav,RnB-Hat-RU Hi Hat 08.WAV,RnB-Hat-RU Hi Hat 08.WAV,RnB-Hat-RU Hi Hat 08.WAV,RnB-Hat-RU Hi Hat 08.WAV,11.ogg,11.ogg,Drippin Wet,AKAI PRO,0,4000,0,1
15,retro,Sweet Treats,Sweet Treats.ogg,4.ogg,ESM_Droplet_Select__Mobile_App_Game_FX_Sound_Magic_Fantasy_Touch_Accent_Stab_Hit.wav,ESM_Droplet_Select_2_Mobile_App_Game_FX_Sound_Magic_Fantasy_Touch_Accent_Stab_Hit.wav,ESM_Atmospheric_Menu_Back_1_Mobile_App_Game_FX_Sound_Magic_Fantasy_Touch_Accent_Stab_Hit.wav,ESM_Atmospheric_Menu_Back_2_Mobile_App_Game_FX_Sound_Magic_Fantasy_Touch_Accent_Stab_Hit.wav,ESM_Atmospheric_Menu_Select_1_Mobile_App_Game_FX_Sound_Magic_Fantasy_Touch_Accent_Stab_Hit.wav,ESM_Atmospheric_Menu_Select_2_Mobile_App_Game_FX_Sound_Magic_Fantasy_Touch_Accent_Stab_Hit.wav,ESM_Dull_Menu_Select_1_Mobile_App_Game_FX_Sound_Magic_Fantasy_Touch_Accent_Stab_Hit.wav,ESM_Dull_Menu_Select_2_Mobile_App_Game_FX_Sound_Magic_Fantasy_Touch_Accent_Stab_Hit.wav,ESM_Dull_Menu_Select_3_Mobile_App_Game_FX_Sound_Magic_Fantasy_Touch_Accent_Stab_Hit.wav,ESM_Island_Bonus_Objective_3_Mobile_App_Game_FX_Sound_Magic_Fantasy_Musical_Element_Transition_Chord_.wav,ESM_Pop_Pitch_2_Mobile_App_Game_FX_Sound_Magic_Fantasy_Touch_Accent_Stab_Hit.wav,ESM_Pop_Pitch_2_Mobile_App_Game_FX_Sound_Magic_Fantasy_Touch_Accent_Stab_Hit.wav,ESM_Pop_Pitch_3_Mobile_App_Game_FX_Sound_Magic_Fantasy_Touch_Accent_Stab_Hit.wav,ESM_Pop_Pitch_3_Mobile_App_Game_FX_Sound_Magic_Fantasy_Touch_Accent_Stab_Hit.wav,11.ogg,11.ogg,Sweet Treats,jhaeka,0,4000,0,1
16,retro,Dead Planet,Dead Planet.ogg,4.ogg,ESM_Spacey_Notification_1_Mobile_App_Game_FX_Sound_Magic_Fantasy_Retro_Classic_Musical_Element_Transition_Chord_Simple_Hit_Designed.wav,ESM_Spacey_Notification_2_Mobile_App_Game_FX_Sound_Magic_Fantasy_Retro_Classic_Musical_Element_Transition_Chord_Simple_Hit_Designed.wav,ESM_Spacey_Notification_3_Mobile_App_Game_FX_Sound_Magic_Fantasy_Retro_Classic_Musical_Element_Transition_Chord_Simple_Hit_Designed.wav,ESM_Spacey_Notification_4_Mobile_App_Game_FX_Sound_Magic_Fantasy_Retro_Classic_Musical_Element_Transition_Chord_Simple_Hit_Designed.wav,ESM_Atmospheric_Menu_Select_1_Mobile_App_Game_FX_Sound_Magic_Fantasy_Touch_Accent_Stab_Hit.wav,ESM_Dream_Sequence_Menu_Select_3_Mobile_App_Game_FX_Sound_Magic_Fantasy_Touch_Accent_Stab_Hit.wav,ESM_Spacey_Objective_Complete_3_Mobile_App_Game_FX_Sound_Magic_Fantasy_Retro_Classic_Musical_Element_Transition_Chord_Simple_Hit_Designed.wav,ESM_Spacey_Win_1_Mobile_App_Game_FX_Sound_Magic_Fantasy_Retro_Classic_Musical_Element_Transition_Chord_Simple_Hit_Designed.wav,ESM_Spacey_Win_2_Mobile_App_Game_FX_Sound_Magic_Fantasy_Retro_Classic_Musical_Element_Transition_Chord_Simple_Hit_Designed.wav,ESM_Island_Bonus_Objective_3_Mobile_App_Game_FX_Sound_Magic_Fantasy_Musical_Element_Transition_Chord_.wav,ESM_Atmospheric_Menu_Select_3_Mobile_App_Game_FX_Sound_Magic_Fantasy_Touch_Accent_Stab_Hit.wav,ESM_Atmospheric_Menu_Select_3_Mobile_App_Game_FX_Sound_Magic_Fantasy_Touch_Accent_Stab_Hit.wav,ESM_Atmospheric_Menu_Select_3_Mobile_App_Game_FX_Sound_Magic_Fantasy_Touch_Accent_Stab_Hit.wav,ESM_Atmospheric_Menu_Select_3_Mobile_App_Game_FX_Sound_Magic_Fantasy_Touch_Accent_Stab_Hit.wav,11.ogg,11.ogg,Dead Planet,jhaeka,0,4000,0,1
17,retro,Spaceship,Spaceship.ogg,4.ogg,ESM_Robotic_Menu_1_Mobile_App_Game_FX_Sound_Magic_Fantasy_Touch_Accent_Stab_Hit.wav,ESM_Switch_Power_Up_1_Mobile_App_Game_FX_Sound_Magic_Fantasy_Retro_Classic_Musical_Element_Transition_Chord_Simple_Hit_Designed.wav,ESM_Robotic_Menu_2_Mobile_App_Game_FX_Sound_Magic_Fantasy_Touch_Accent_Stab_Hit.wav,ESM_Robotic_Menu_3_Mobile_App_Game_FX_Sound_Magic_Fantasy_Touch_Accent_Stab_Hit.wav,ESM_Dark_Noisy_Win_1_Mobile_App_Game_FX_Sound_Magic_Fantasy_Retro_Classic_Musical_Element_Transition_Chord_Simple_Hit_Designed.wav,ESM_Dark_Noisy_Win_2_Mobile_App_Game_FX_Sound_Magic_Fantasy_Retro_Classic_Musical_Element_Transition_Chord_Simple_Hit_Designed.wav,ESM_Robotic_Menu_5_Mobile_App_Game_FX_Sound_Magic_Fantasy_Touch_Accent_Stab_Hit.wav,ESM_Tech_Upgrade_1_Mobile_App_Game_FX_Sound_Magic_Fantasy_Retro_Classic_Musical_Element_Transition_Chord_Simple_Hit_Designed.wav,ESM_Machinery_Upgrade_1_Mobile_App_Game_FX_Sound_Magic_Fantasy.wav,ESM_Island_Bonus_Objective_3_Mobile_App_Game_FX_Sound_Magic_Fantasy_Musical_Element_Transition_Chord_.wav,ESM_Simple_Menu_Select_2_Mobile_App_Game_FX_Sound_Magic_Fantasy_Touch_Accent_Stab_Hit.wav,ESM_Simple_Menu_Select_2_Mobile_App_Game_FX_Sound_Magic_Fantasy_Touch_Accent_Stab_Hit.wav,ESM_Simple_Menu_Select_2_Mobile_App_Game_FX_Sound_Magic_Fantasy_Touch_Accent_Stab_Hit.wav,ESM_Simple_Menu_Select_2_Mobile_App_Game_FX_Sound_Magic_Fantasy_Touch_Accent_Stab_Hit.wav,11.ogg,11.ogg,Spaceship,jhaeka,0,4000,0,1
18,retro,Warmth Bubble,Warmth.ogg,4.ogg,ESM_Bubble_Pop_2_Mobile_App_Game_FX_Sound_Magic_Musical_Element_Transition_Chord_Simple_Hit.wav,ESM_Bubble_Clink_3_Mobile_App_Game_FX_Sound_Magic_Musical_Element_Transition_Chord_Simple_Hit.wav,ESM_Bubble_Clink_4_Mobile_App_Game_FX_Sound_Magic_Musical_Element_Transition_Chord_Simple_Hit.wav,ESM_Drink_Created_3_Mobile_App_Game_FX_Sound_Magic_Fantasy.wav,ESM_Power_Up_Potion_4_Mobile_App_Game_FX_Sound_Magic_Fantasy.wav,ESM_Power_Up_Potion_3_Mobile_App_Game_FX_Sound_Magic_Fantasy.wav,ESM_Drink_Created_1_Mobile_App_Game_FX_Sound_Magic_Fantasy.wav,ESM_Power_Up_Potion_1_Mobile_App_Game_FX_Sound_Magic_Fantasy.wav,ESM_Machinery_Upgrade_1_Mobile_App_Game_FX_Sound_Magic_Fantasy.wav,ESM_Island_Bonus_Objective_3_Mobile_App_Game_FX_Sound_Magic_Fantasy_Musical_Element_Transition_Chord_.wav,ESM_Bubble_Pop_1_Mobile_App_Game_FX_Sound_Magic_Musical_Element_Transition_Chord_Simple_Hit.wav,ESM_Bubble_Pop_1_Mobile_App_Game_FX_Sound_Magic_Musical_Element_Transition_Chord_Simple_Hit.wav,ESM_Bubble_Pop_1_Mobile_App_Game_FX_Sound_Magic_Musical_Element_Transition_Chord_Simple_Hit.wav,ESM_Bubble_Pop_1_Mobile_App_Game_FX_Sound_Magic_Musical_Element_Transition_Chord_Simple_Hit.wav,11.ogg,11.ogg,Warmth,jhaeka,0,4000,0,1
19,retro,The Blackpenny Pub,The Blackpenny Pub.ogg,4.ogg,ESM_Classic_Collect_1_Mobile_App_Game_FX_Sound_Magic_Musical_Element_Transition_Chord_Simple_Hit.wav,ESM_Classic_Coin_1_Mobile_App_Game_FX_Sound_Magic_Musical_Element_Transition_Chord_Simple_Hit.wav,ESM_Retro_Power_Up_1_Mobile_App_Game_FX_Sound_Magic_Musical_Element_Transition_Chord_Simple_Hit.wav,ESM_Classic_Collect_3_Mobile_App_Game_FX_Sound_Magic_Musical_Element_Transition_Chord_Simple_Hit.wav,ESM_Classic_Coin_3_Mobile_App_Game_FX_Sound_Magic_Musical_Element_Transition_Chord_Simple_Hit.wav,ESM_Retro_Power_Up_2_Mobile_App_Game_FX_Sound_Magic_Musical_Element_Transition_Chord_Simple_Hit.wav,ESM_Classic_Coin_4_Mobile_App_Game_FX_Sound_Magic_Musical_Element_Transition_Chord_Simple_Hit.wav,ESM_Retro_Power_Up_4_Mobile_App_Game_FX_Sound_Magic_Musical_Element_Transition_Chord_Simple_Hit.wav,ESM_Retro_Power_Up_3_Mobile_App_Game_FX_Sound_Magic_Musical_Element_Transition_Chord_Simple_Hit.wav,ESM_Island_Bonus_Objective_3_Mobile_App_Game_FX_Sound_Magic_Fantasy_Musical_Element_Transition_Chord_.wav,ESM_Wooden_Select_2_Mobile_App_Game_FX_Sound_Magic_Fantasy_Touch_Accent_Stab_Hit.wav,ESM_Wooden_Select_2_Mobile_App_Game_FX_Sound_Magic_Fantasy_Touch_Accent_Stab_Hit.wav,ESM_Wooden_Select_2_Mobile_App_Game_FX_Sound_Magic_Fantasy_Touch_Accent_Stab_Hit.wav,ESM_Wooden_Select_2_Mobile_App_Game_FX_Sound_Magic_Fantasy_Touch_Accent_Stab_Hit.wav,11.ogg,11.ogg,The Blackpenny Pub,JDSherbert,0,4000,0,1
20,lofi,lofi_slowdown,slowdown.ogg,4.ogg,LoFi-Kick-ADSR Kick Slam.WAV,LoFi-Clap-ADSR Clap.WAV,LoFi-Snare-ADSR Snr 1.WAV,LoFi-Clap-ADSR Snap.WAV,LoFi-Perc-ADSR Perc 3.WAV,LoFi-Kick-ADSR Kick Punch.WAV,LoFi-Kick-ADSR 808 Drop.WAV,80s-Tom-F9 GH Grid HTom.WAV,80s-Synth-F9 GH VS Twang D.WAV,ESM_Island_Bonus_Objective_3_Mobile_App_Game_FX_Sound_Magic_Fantasy_Musical_Element_Transition_Chord_.wav,LoFi-Perc-ADSR Perc 2.WAV,LoFi-Perc-ADSR Perc 2.WAV,LoFi-HiHat-ADSR Hat 2.WAV,LoFi-HiHat-ADSR Hat 2.WAV,11.ogg,11.ogg,Slow Down,AKAI PRO,0,4000,0,1
21,lofi,lofi_touch,touch.ogg,4.ogg,LoFi-Kick-ADSR Touch Kick 1.WAV,LoFi-Snare-ADSR OV Snr 1.WAV,LoFi-Snare-ADSR OV Snr 2.WAV,LoFi-Clap-ADSR Snap.WAV,LoFi-Loop-ADSR Touch Syn.WAV,LoFi-Loop-ADSR Touch Bass.WAV,LoFi-HiHat-ADSR Crash.WAV,80s-Tom-F9 GH Grid HTom.WAV,80s-Synth-F9 GH VS Twang D.WAV,ESM_Island_Bonus_Objective_3_Mobile_App_Game_FX_Sound_Magic_Fantasy_Musical_Element_Transition_Chord_.wav,LoFi-Perc-ADSR Touch Perc 3.WAV,LoFi-Perc-ADSR Touch Perc 3.WAV,LoFi-HiHat-ADSR Touch Hat 1.WAV,LoFi-HiHat-ADSR Touch Hat 2.WAV,11.ogg,11.ogg,Touch,AKAI PRO,0,4000,0,1
22,lofi,lofi_bedroom,bedroom.ogg,4.ogg,LoFi-kICK-ADSR Kick 1.WAV,LoFi-Clap-ADSR Clap.WAV,LoFi-Perc-ADSR Perc 3.WAV,LoFi-Clap-ADSR Snap.WAV,LoFi-Clap-ADSR Clap Delay.WAV,LoFi-Kick-ADSR 808 Drop.WAV,LoFi-SFX-ADSR SFX.WAV,80s-Tom-F9 GH Grid HTom.WAV,80s-Synth-F9 GH VS Twang D.WAV,ESM_Island_Bonus_Objective_3_Mobile_App_Game_FX_Sound_Magic_Fantasy_Musical_Element_Transition_Chord_.wav,LoFi-Perc-ADSR Touch Perc 2.WAV,LoFi-Perc-ADSR Touch Perc 2.WAV,LoFi-HiHat-ADSR Touch Hat 2.WAV,LoFi-HiHat-ADSR Touch Hat 2.WAV,11.ogg,11.ogg,Bedroom,AKAI PRO,0,4000,0,1
23,lofi,lofi_somepluk,somepluk.ogg,4.ogg,LoFi-Kick-ADSR Kick Lite.WAV,LoFi-Snare-ADSR Rim.WAV,LoFi-Perc-ADSR Perc 6.WAV,LoFi-Snare-ADSR SnarePit.WAV,LoFi-Kick-ADSR Kick Pop.WAV,LoFi-Hit-ADSR Pluck Cmaj7.WAV,LoFi-Kick-ADSR 808 Drop.WAV,80s-Tom-F9 GH Grid HTom.WAV,80s-Synth-F9 GH VS Twang D.WAV,ESM_Island_Bonus_Objective_3_Mobile_App_Game_FX_Sound_Magic_Fantasy_Musical_Element_Transition_Chord_.wav,LoFi-HiHat-ADSR Hat 6.WAV,LoFi-HiHat-ADSR Hat 6.WAV,LoFi-HiHat-ADSR Hat 5.WAV,LoFi-HiHat-ADSR Hat 5.WAV,11.ogg,11.ogg,Some Pluk,AKAI PRO,0,4000,0,1
24,lofi,lofi_midnight,midnight.ogg,4.ogg,LoFi-kICK-ADSR Kick 1.WAV,LoFi-Snare-ADSR Snr 1.WAV,LoFi-Clap-ADSR Clap.WAV,LoFi-Clap-ADSR Snap.WAV,LoFi-Perc-ADSR Perc 3.WAV,LoFi-Kick-ADSR 808 Drop.WAV,IbizaHouse-Vocal-IH Vox 05.WAV,80s-Tom-F9 GH Grid HTom.WAV,80s-Synth-F9 GH VS Twang D.WAV,ESM_Island_Bonus_Objective_3_Mobile_App_Game_FX_Sound_Magic_Fantasy_Musical_Element_Transition_Chord_.wav,LoFi-Perc-ADSR Perc 2.WAV,LoFi-Perc-ADSR Perc 2.WAV,LoFi-HiHat-ADSR Hat 2.WAV,LoFi-HiHat-ADSR Hat 2.WAV,11.ogg,11.ogg,Midnight,AKAI PRO,0,4000,0,1
25,lofi,lofi_smokeit,LoFi-Loop-Music-LS Smoke It G.WAV,4.ogg,LoFi-Kick-LS Smoke It Kik 1.WAV,LoFi-Snare-LS Smoke It Snare 1.WAV,LoFi-Snare-LS Smoke It Snare 2.WAV,LoFi-Clap-ADSR Snap.WAV,LoFi-Kick-LS Smoke It 808.WAV,LoFi-Snare-LS Smoke It Snare 3.WAV,LoFi-Perc-LS Smoke It Woody.WAV,80s-Tom-F9 GH Grid HTom.WAV,80s-Synth-F9 GH VS Twang D.WAV,ESM_Island_Bonus_Objective_3_Mobile_App_Game_FX_Sound_Magic_Fantasy_Musical_Element_Transition_Chord_.wav,LoFi-Perc-ADSR Perc 2.WAV,LoFi-Perc-ADSR Perc 2.WAV,LoFi-HiHat-ADSR Hat 2.WAV,LoFi-HiHat-ADSR Hat 2.WAV,11.ogg,11.ogg,Smoke It,AKAI PRO,0,4000,0,1
26,lofi,LoFi_120C,LoFi-Loop-Music-LS ML 13 120 C.WAV,4.ogg,LoFi-kICK-ADSR Kick 1.WAV,LoFi-Clap-ADSR Clap.WAV,LoFi-Perc-ADSR Perc 3.WAV,LoFi-Clap-ADSR Snap.WAV,LoFi-Clap-ADSR Clap Delay.WAV,LoFi-Kick-ADSR 808 Drop.WAV,LoFi-SFX-ADSR SFX.WAV,80s-Tom-F9 GH Grid HTom.WAV,80s-Synth-F9 GH VS Twang D.WAV,ESM_Island_Bonus_Objective_3_Mobile_App_Game_FX_Sound_Magic_Fantasy_Musical_Element_Transition_Chord_.wav,LoFi-Perc-ADSR Touch Perc 2.WAV,LoFi-Perc-ADSR Touch Perc 2.WAV,LoFi-HiHat-ADSR Touch Hat 2.WAV,LoFi-HiHat-ADSR Touch Hat 2.WAV,11.ogg,11.ogg,LoFi_120C,AKAI PRO,0,4000,0,1
27,lofi,LoFi_7,LoFi-Loop-Music-LS ML7.WAV,4.ogg,LoFi-kICK-ADSR Kick 1.WAV,LoFi-Snare-ADSR Snr 1.WAV,LoFi-Clap-ADSR Clap.WAV,LoFi-Clap-ADSR Snap.WAV,LoFi-Perc-ADSR Perc 3.WAV,LoFi-Kick-ADSR 808 Drop.WAV,IbizaHouse-Vocal-IH Vox 05.WAV,80s-Tom-F9 GH Grid HTom.WAV,80s-Synth-F9 GH VS Twang D.WAV,ESM_Island_Bonus_Objective_3_Mobile_App_Game_FX_Sound_Magic_Fantasy_Musical_Element_Transition_Chord_.wav,LoFi-Perc-ADSR Perc 2.WAV,LoFi-Perc-ADSR Perc 2.WAV,LoFi-HiHat-ADSR Hat 2.WAV,LoFi-HiHat-ADSR Hat 2.WAV,11.ogg,11.ogg,LoFi_7,AKAI PRO,0,4000,0,1
28,lofi,lofi_withu,LoFi-Loop-Music-LS With U Lp.WAV,4.ogg,LoFi-Kick-LS With U Kick 1.WAV,LoFi-Snare-LS With U Snare 1.WAV,LoFi-Perc-LS With U Cave.WAV,LoFi-Snare-LS With U Snare 3.WAV,LoFi-Vocal-LS With U Vox 1.WAV,LoFi-Kick-LS With U 808.WAV,LoFi-Vocal-LS With U Vox 2.WAV,80s-Tom-F9 GH Grid HTom.WAV,80s-Synth-F9 GH VS Twang D.WAV,ESM_Island_Bonus_Objective_3_Mobile_App_Game_FX_Sound_Magic_Fantasy_Musical_Element_Transition_Chord_.wav,LoFi-Perc-LS With U Rim.WAV,LoFi-Perc-LS With U Rim.WAV,LoFi-HiHat-LS With U Hats 1.WAV,LoFi-HiHat-LS With U Hats 1.WAV,11.ogg,11.ogg,With You,AKAI PRO,0,4000,0,1
29,lofi,lofi_underwater,LoFi-Loop-Music-LS Underwater FM.WAV,4.ogg,LoFi-Perc-LS Underwater Click.WAV,LoFi-Perc-LS Underwater Tamb.WAV,LoFi-HiHat-LS Underwater Hat 3.WAV,LoFi-Kick-LS Underwater Kick.WAV,LoFi-Snap-LS Underwater Snp.WAV,LoFi-Hit-LS Underwater Syn.WAV,LoFi-Vocal-LS Underwater FM.WAV,LoFi-Kick-LS Underwater 808 1.WAV,LoFi-Kick-LS Underwater 808 2.WAV,ESM_Island_Bonus_Objective_3_Mobile_App_Game_FX_Sound_Magic_Fantasy_Musical_Element_Transition_Chord_.wav,LoFi-Perc-LS Underwater Tom.WAV,LoFi-Perc-LS Underwater Tom.WAV,LoFi-Perc-LS Underwater Tom.WAV,LoFi-Perc-LS Underwater Tom.WAV,11.ogg,11.ogg,Underwater,AKAI PRO,0,4000,0,1
30,lofi,CASSETTE,LoFi-Loop-Music-LS94.WAV,4.ogg,BUTTON_03.wav,OPEN_CASE_02.wav,CASSETTE_RATTLE_12.wav,BUTTON_STOP_02.wav,LOAD_CASSETTE_08.wav,REMOVE_CASSETTE_07.wav,REWIND_FAST_FORWARD_09.wav,SLOW DOWN SPEED UP_05.wav,TAPE STOP_15.wav,FAST_FORWARD_LOOP_02.wav,BUTTON_12.wav,BUTTON_12.wav,BUTTON_12.wav,BUTTON_12.wav,11.ogg,11.ogg,CASSETTE,AKAI PRO,0,4000,0,1
31,hiphop,hiphop_demo,HipHop-Bass-MSXII Shinez.WAV,4.ogg,HipHop-Kick-MSXII Shinez 01.WAV,HipHop-Snare-MSXII Shinez 01.WAV,HipHop-Kick-MSXII Shinez 02.WAV,HipHop-Snare-MSXII Shinez 02.WAV,HipHop-Chord-MSXII Shinez Abmin.WAV,LoFi-Kick-ADSR 808 Drop.WAV,HipHop-Synth-Arps-MSXII Shinez.WAV,80s-Tom-F9 GH Grid HTom.WAV,80s-Synth-F9 GH VS Twang D.WAV,ESM_Island_Bonus_Objective_3_Mobile_App_Game_FX_Sound_Magic_Fantasy_Musical_Element_Transition_Chord_.wav,HipHop-Hat-MSXII Shinez 01.WAV,HipHop-Hat-MSXII Shinez 01.WAV,HipHop-Hat-MSXII Shinez 01.WAV,HipHop-Hat-MSXII Shinez 01.WAV,11.ogg,11.ogg,Shinez,AKAI PRO,0,4000,0,1
32,hiphop,boombap_91,BoomBap-Melodic-RetroSciFictAm.WAV,4.ogg,BoomBap-Kick-MSXII Slum 02.WAV,BoomBap-Snare-MSXII Felah 02.WAV,BoomBap-Kick-MSXII Swag City 02.WAV,BoomBap-FX-HH FE Zap.WAV,BoomBap-Clap-MSXII Mashed.WAV,LoFi-Kick-ADSR Kick Punch.WAV,LoFi-Kick-ADSR 808 Drop.WAV,RnB-Snap-RSK3 Snp1.WAV,80s-Synth-F9 GH VS Twang D.WAV,ESM_Island_Bonus_Objective_3_Mobile_App_Game_FX_Sound_Magic_Fantasy_Musical_Element_Transition_Chord_.wav,BoomBap-Snare-MSXII Slum 02.WAV,BoomBap-Snare-MSXII Slum 02.WAV,BoomBap-Perc-MSXII Coolin.WAV,BoomBap-Perc-MSXII Coolin.WAV,11.ogg,11.ogg,Boombap 91,AKAI PRO,0,4000,0,1
33,hiphop,boombap_grid,BoomBap-Melodic-HoustonSky70Fm.WAV,4.ogg,BoomBap-Kick-HH Kick 07.WAV,BoomBap-Snare-HH DWK Snare 1.WAV,BoomBap-Cymbal-HH TBC Cym 1.WAV,BoomBap-Snare-MSXII Felah 02.WAV,BoomBap-Clap-MSXII Mashed.WAV,LoFi-Kick-ADSR Kick Punch.WAV,LoFi-Kick-ADSR 808 Drop.WAV,RnB-Snap-RSK3 Snp1.WAV,80s-Synth-F9 GH VS Twang D.WAV,ESM_Island_Bonus_Objective_5_Mobile_App_Game_FX_Sound_Magic_Fantasy_Musical_Element_Transition_Chord_.wav,BoomBap-Snare-MSXII Slum 02.WAV,BoomBap-Snare-MSXII Slum 02.WAV,BoomBap-Perc-MSXII Coolin.WAV,BoomBap-Perc-MSXII Coolin.WAV,11.ogg,11.ogg,Boombap Grid,AKAI PRO,0,4000,0,1
34,hiphop,hiphop_west,hiphop_west_loop.mp3,4.ogg,HipHop-Kick-BDWK Kik.WAV,HipHop-Snare-BDWK Snr.WAV,HipHop-Melodic-BDWK Str2.WAV,HipHop-Melodic-BDWK Str1.WAV,HipHop-Stab-BDWK Stb1.WAV,HipHop-Stab-BDWK Stb3.WAV,HipHop-Stab-BDWK Stb6.WAV,HipHop-Stab-BDWK Stb2.WAV,80s-Synth-F9 GH VS Twang D.WAV,ESM_Island_Bonus_Objective_3_Mobile_App_Game_FX_Sound_Magic_Fantasy_Musical_Element_Transition_Chord_.wav,HipHop-Hat-mHH Fam03.WAV,HipHop-Hat-mHH Fam03.WAV,HipHop-Hat-mHH Fam04.WAV,HipHop-Hat-mHH Fam04.WAV,11.ogg,11.ogg,West,AKAI PRO,0,4000,0,1
35,hiphop,hiphop_fallen,hiphop_fallenenemy_loop2.mp3,4.ogg,HipHop-Kick-Fallen Kick 2.WAV,HipHop-Kick-Fallen Kick 1.WAV,HipHop-Snare-Fallen Snr 1.WAV,HipHop-Perc-Fallen Prc.WAV,HipHop-Kick-Fallen Bm1.WAV,HipHop-Cymbal-Fallen Cym.WAV,HipHop-Stab-Fallen Pno1.WAV,HipHop-Kick-Fallen Bm 2.WAV,80s-Synth-F9 GH VS Twang D.WAV,ESM_Island_Bonus_Objective_3_Mobile_App_Game_FX_Sound_Magic_Fantasy_Musical_Element_Transition_Chord_.wav,HipHop-Hat-RK HCl.WAV,HipHop-Hat-RK HCl.WAV,HipHop-Hat-RK HCl.WAV,HipHop-Hat-RK HCl.WAV,11.ogg,11.ogg,Fallen,AKAI PRO,0,4000,0,1
36,hiphop,hiphop_hoodie,hiphop_hoodie_loop.mp3,4.ogg,HipHop-Kick-Hoo Kick 1.WAV,HipHop-Snare-Hoo Snr 1.WAV,HipHop-Clap-Hoo Claps.WAV,HipHop-Vocal-Hoo Vox.WAV,HipHop-Stab-Chord-Hoo Chop 1.WAV,HipHop-Stab-Chord-Hoo Chop 2.WAV,HipHop-Stab-Chord-Hoo Chop 4.WAV,HipHop-Stab-Chord-Hoo Chop 3.WAV,80s-Synth-F9 GH VS Twang D.WAV,ESM_Island_Bonus_Objective_3_Mobile_App_Game_FX_Sound_Magic_Fantasy_Musical_Element_Transition_Chord_.wav,HipHop-HiHat-Hoo Hat.WAV,HipHop-Perc-Hoo Shaker.WAV,HipHop-HiHat-Hoo Hat.WAV,HipHop-HiHat-Hoo OpHat.WAV,11.ogg,11.ogg,Hoodie,AKAI PRO,0,4000,0,1
37,hiphop,hiphop_swag,hiphop_swag_loop.mp3,4.ogg,HipHop-Kick-MSXII Swag City 01.WAV,HipHop-Perc-MSXII Swag City 01.WAV,HipHop-Perc-MSXII Swag City 02.WAV,HipHop-Snare-MSXII Swag City 01.WAV,HipHop-Clap-MSXII Swag City.WAV,HipHop-Full-MSXII Swag City E 01.WAV,HipHop-Full-MSXII Swag City E 02.WAV,HipHop-Full-MSXII Swag City E 03.WAV,HipHop-Full-MSXII Swag City E 04.WAV,ESM_Island_Bonus_Objective_3_Mobile_App_Game_FX_Sound_Magic_Fantasy_Musical_Element_Transition_Chord_.wav,HipHop-Hat-MSXII Swag City 02.WAV,HipHop-Hat-MSXII Swag City 02.WAV,HipHop-Hat-MSXII Swag City 01.WAV,HipHop-Hat-MSXII Swag City 01.WAV,11.ogg,11.ogg,Swag,AKAI PRO,0,4000,0,1
38,hiphop,hiphop_rawcratez2,hiphop_rawcratez2_loop.mp3,4.ogg,HipHop-Kick-Kik Goo01.WAV,HipHop-Hat-oHH Goo03.WAV,HipHop-Snare-Snr Goo01.WAV,HipHop-Bass-Bas Goo05.WAV,HipHop-Chord-Chd Goo01.WAV,HipHop-Chord-Chd Goo02.WAV,HipHop-Chord-Chd Goo04.WAV,HipHop-Keys-Key Goo01.WAV,HipHop-Lead-Flu Goo01.WAV,HipHop-Stab-Guitar-Gtr Fam12.WAV,HipHop-Hat-mHH Goo01.WAV,HipHop-Hat-mHH Goo02.WAV,HipHop-Hat-mHH Goo01.WAV,HipHop-Hat-mHH Goo02.WAV,11.ogg,11.ogg,Rawcratez,AKAI PRO,0,4000,0,1
39,hiphop,hiphop_rawcutz2,hiphop_rawcutz2_loop.mp3,4.ogg,HipHop-Kick-Kik Fam01.WAV,HipHop-Kick-Kik Fam05.WAV,HipHop-Snare-Snr Fam02.WAV,HipHop-Stab-Guitar-Gtr Fam13.WAV,HipHop-Stab-Stab-Stb Fam09.WAV,HipHop-Stab-Rhodes-Epi Fam10.WAV,HipHop-Stab-Rhodes-Epi Fam11.WAV,HipHop-Stab-Guitar-Gtr Fam12.WAV,HipHop-Stab-Guitar-Gtr Fam12.WAV,HipHop-Stab-Guitar-Gtr Fam12.WAV,HipHop-Hat-mHH Fam03.WAV,HipHop-Hat-mHH Fam03.WAV,HipHop-Hat-mHH Fam04.WAV,HipHop-Hat-mHH Fam04.WAV,11.ogg,11.ogg,Rawcutz,AKAI PRO,0,4000,0,1
40,hiphop,hiphop_rivals,hiphop_rivals_loop.mp3,4.ogg,HipHop-Kick-RK Kik.WAV,HipHop-Melodic-RK Bas1.WAV,HipHop-Melodic-RK Bas2.WAV,HipHop-Snare-RK Snr.WAV,HipHop-Melodic-RK Str2.WAV,HipHop-Melodic-RK Bas4.WAV,HipHop-Breaks-RK Smp1.WAV,HipHop-Breaks-RK Smp2.WAV,HipHop-Melodic-RK Str2.WAV,HipHop-Melodic-RK Str2.WAV,HipHop-Hat-RK HCl.WAV,HipHop-Hat-RK HCl.WAV,HipHop-Hat-RK HCl.WAV,HipHop-Hat-RK HCl.WAV,11.ogg,11.ogg,Rivals,AKAI PRO,0,4000,0,1
41,808,ibiza House,IbizaHouse-Synth-Loop.ogg,4.ogg,IbizaHouse-Kick-IH Kick 05.WAV,IbizaHouse-Clap-IH Clap 03.WAV,IbizaHouse-Snare-IH Snare 03.WAV,IbizaHouse-Bass-IH Bass D 03.WAV,IbizaHouse-Kick-IH Kick 06.WAV,IbizaHouse-Vocal-IH Vox 06.WAV,IbizaHouse-Vocal-IH Vox 05.WAV,80s-Tom-F9 GH Grid HTom.WAV,80s-Synth-F9 GH VS Twang D.WAV,ESM_Island_Bonus_Objective_3_Mobile_App_Game_FX_Sound_Magic_Fantasy_Musical_Element_Transition_Chord_.wav,IbizaHouse-Hat-IH Hat 09.WAV,IbizaHouse-Hat-IH Hat 09.WAV,IbizaHouse-Hat-IH Hat 08.WAV,IbizaHouse-Hat-IH Hat 08.WAV,11.ogg,11.ogg,IbizaHouse,AKAI PRO,0,4000,0,1
42,808,Dont B Playin,dontbplayin.ogg,4.ogg,Trap-Kick-Trap Classic Kick.WAV,Trap-Snare-Trap Classic Snr 3.WAV,Trap-Perc-TR OV Perc.WAV,RnB-Snap-RSK3 Snp1.WAV,Trap-Bass-TR OV 808 Kick.WAV,Trap-Snare-TR OV Snr 1.WAV,Trap-Tom-TR OV Luv Hi Tom.WAV,80s-Tom-F9 GH Grid HTom.WAV,80s-Synth-F9 GH VS Twang D.WAV,ESM_Island_Bonus_Objective_3_Mobile_App_Game_FX_Sound_Magic_Fantasy_Musical_Element_Transition_Chord_.wav,Trap-Synth-TR CK SynHit C.WAV,Trap-Hat-TR CK 10 Hats.WAV,Trap-Synth-TR CK SynHit C.WAV,Trap-Hat-TR CK 10 Hats.WAV,11.ogg,11.ogg,Dont B Playin,AKAI PRO,0,4000,0,1
43,808,Future Bass,FutureBass-Loop.mp3,4.ogg,FutureBass-Bass-FD guessG.WAV,FutureBass-Kick-FD coment.WAV,FutureBass-Cymbal-FD silcone.WAV,FutureBass-Clap-FD oldskool.WAV,FutureBass-Clap-FD snip.WAV,FutureBass-FX-FD eight.WAV,FutureBass-Vocal-FD faithvox1Eb.WAV,80s-Tom-F9 GH Grid HTom.WAV,80s-Synth-F9 GH VS Twang D.WAV,ESM_Island_Bonus_Objective_3_Mobile_App_Game_FX_Sound_Magic_Fantasy_Musical_Element_Transition_Chord_.wav,FutureBass-Hat-FD gest.WAV,FutureBass-Hat-FD gest.WAV,FutureBass-Hat-FD kitchen.WAV,FutureBass-Hat-FD kitchen.WAV,11.ogg,11.ogg,future04,AKAI PRO,0,4000,0,1
44,808,ChillTrap,chill.mp3,4.ogg,ChillTrap-Kick-CT1 808.WAV,ChillTrap-Clap-CT1 Clp2.WAV,ChillTrap-Perc-CT1 Tamb.WAV,ChillTrap-Clap-CT1 Clp4.WAV,ChillTrap-Melodic-CT1Key1.WAV,ChillTrap-Melodic-CT1Key3.WAV,ChillTrap-Vocal-CT1 Voc2.WAV,ChillTrap-Vocal-CT1 Voc1.WAV,80s-Synth-F9 GH VS Twang D.WAV,ESM_Island_Bonus_Objective_3_Mobile_App_Game_FX_Sound_Magic_Fantasy_Musical_Element_Transition_Chord_.wav,ChillTrap-Hat-CT1 Hat1.WAV,ChillTrap-Hat-CT1 Hat1.WAV,ChillTrap-Hat-CT1 Hat2.WAV,ChillTrap-Hat-CT1 Hat2.WAV,11.ogg,11.ogg,Chill Trap,AKAI PRO,0,4000,0,1
45,808,Chilling,chill5.mp3,4.ogg,ChillTrap-Kick-CT5 Kik.WAV,ChillTrap-Kick-CT5 808.WAV,ChillTrap-Perc-CT5 Perc2.WAV,ChillTrap-Clap-CT5 Clp3.WAV,ChillTrap-Vocal-CT5 Vox1.WAV,ChillTrap-Perc-CT5 Tom.WAV,ChillTrap-Vocal-CT5 Vox2.WAV,ChillTrap-Melodic-CT5 Pad1.WAV,80s-Synth-F9 GH VS Twang D.WAV,ESM_Island_Bonus_Objective_3_Mobile_App_Game_FX_Sound_Magic_Fantasy_Musical_Element_Transition_Chord_.wav,ChillTrap-Hat-CT4 Hat1.WAV,ChillTrap-Hat-CT4 Hat1.WAV,ChillTrap-Hat-CT4 Hat1.WAV,ChillTrap-Hat-CT4 Hat1.WAV,11.ogg,11.ogg,Chilling,AKAI PRO,0,4000,0,1
46,808,Trap_melodic,Trap-Melodic-TR MX T Vision.WAV,4.ogg,Urban-Kick-Heat3 SKick.WAV,Urban-Snare-Heat3 SRoll1.WAV,Urban-Snare-Heat3 Snr.WAV,Trap-Snap-TR MX Push Snap 2.WAV,Trap-Clap-TR MX  Clp 1.WAV,Urban-Cymbal-Heat3 Cym.WAV,Trap-FX-TR MX  Sfx 2.WAV,Urban-Clap-Heat3 CLG.WAV,80s-Synth-F9 GH VS Twang D.WAV,ESM_Island_Bonus_Objective_3_Mobile_App_Game_FX_Sound_Magic_Fantasy_Musical_Element_Transition_Chord_.wav,Trap-Hat-TR MX Drill HH.WAV,Urban-HiHat-Heat3 HH1.WAV,Trap-Perc-TR MX Tri 01.WAV,Trap-Kick-TR MX Kick 09.WAV,11.ogg,11.ogg,Trap,AKAI PRO,0,4000,0,1
47,808,Trap_weekend,trap_weekend.ogg,4.ogg,Trap-Kick-TR MW BouceKik1.WAV,Trap-Snare-TR MW BigTrap Snr.WAV,Trap-Keys-TR MW Rhode 1.WAV,Trap-Keys-TR MW Rhode 2.WAV,Trap-Clap-TR MW EQ Clap.WAV,Trap-Cymbal-TR MW Ring Cym.WAV,Trap-Bass-TR MW BB Bass.WAV,Trap-Keys-TR MW RevRhode.WAV,Trap-Pad-TR MW SmoothPad.WAV,ESM_Island_Bonus_Objective_3_Mobile_App_Game_FX_Sound_Magic_Fantasy_Musical_Element_Transition_Chord_.wav,Trap-Guitar-TR MW NRev Guit 1.WAV,Trap-Guitar-TR MW NRev Guit 2.WAV,Trap-Guitar-TR MW NRev Guit 1.WAV,Trap-Guitar-TR MW NRev Guit 2.WAV,11.ogg,11.ogg,Weekend,AKAI PRO,0,4000,0,1
48,808,Trap_808,trap_decap.ogg,4.ogg,Trap-Kick-Luv 808 2.WAV,Trap-Snare-Luv Snare.WAV,Trap-Snap-Luv Snap 2.WAV,Trap-Clap-Luv Clap 1.WAV,Trap-Kick-Luv Drop 2.WAV,Trap-FX-Buss ZRoll.WAV,Trap-Kick-Luv 808 01.WAV,Trap-FX-Buss ZRoll.WAV,80s-Synth-F9 GH VS Twang D.WAV,ESM_Island_Bonus_Objective_3_Mobile_App_Game_FX_Sound_Magic_Fantasy_Musical_Element_Transition_Chord_.wav,Trap-Tom-Luv Hi Tom.WAV,Trap-Tom-Luv Mid Tom.WAV,Trap-Tom-Luv Hi Tom.WAV,Trap-Tom-Luv Mid Tom.WAV,11.ogg,11.ogg,808,AKAI PRO,0,4000,0,1
49,808,Trap_cellar,Trap-Synth-TR CK SynLp G.WAV,4.ogg,Trap-Hat-TR CK 07 Hats.WAV,Trap-Kick-TR CK 01 Kick.WAV,Trap-Snare-TR CK 01 Snare.WAV,Trap-Perc-TR CK 01 Perc.WAV,Trap-Snap-TR CK Snap 2.WAV,Trap-Bass-TR CK BassHit C.WAV,Trap-Vocal-TR CK 06 Vox.WAV,80s-Tom-F9 GH Grid HTom.WAV,80s-Synth-F9 GH VS Twang D.WAV,ESM_Island_Bonus_Objective_3_Mobile_App_Game_FX_Sound_Magic_Fantasy_Musical_Element_Transition_Chord_.wav,Trap-Synth-TR CK SynHit C.WAV,Trap-Hat-TR CK 10 Hats.WAV,Trap-Synth-TR CK SynHit C.WAV,Trap-Hat-TR CK 10 Hats.WAV,11.ogg,11.ogg,Cellar,AKAI PRO,0,4000,0,1
50,808,80s,80s.ogg,4.ogg,80s-Kick-F9 GH Grid Kick Amb.WAV,80s-Snare-F9 GH Grid Amb Snr.WAV,80s-Tom-F9 GH Simm Mid.WAV,80s-Cymbal-F9 GH Grid Cym.WAV,80s-Bass-F9 GH DX Bass 2 D.WAV,80s-Synth-F9 GH Spaced D.WAV,80s-Tom-F9 GH Simm Low.WAV,80s-Synth-F9 GH VS Twang D.WAV,ESM_Lighthearted_Bonus_Objective_6_Mobile_App_Game_FX_Sound_Magic_Fantasy_Musical_Element_Transition_Chord_.wav,ESM_Island_Bonus_Objective_3_Mobile_App_Game_FX_Sound_Magic_Fantasy_Musical_Element_Transition_Chord_.wav,80s-Tom-F9 GH Grid LTom.WAV,80s-Perc-F9 GH Grid Low Cng.WAV,80s-Tom-F9 GH Grid LTom.WAV,80s-Perc-F9 GH Grid Low Cng.WAV,11.ogg,11.ogg,80s,AKAI PRO,0,4000,0,1
51,skin,skin,base,adam,donut,building,tower,archer,space,brick1,brick2,classic,hotel,skelecton,0,0,0,0,0,0,0,0,0,0,0,0
52,data1,data1,1,1,4000,4000,4000,4000,4000,4000,4000,4000,4000,4000,0,0,0,0,0,0,0,0,0,0,0,0
53,data,data,80000,0,1,1,1,1,1,0,0,0,0,0,0,0,0,0,0,0,0,0,0,0,0,0
54,data3,data3,11,4,0,0,0,0,0,0,0,0,0,0,1,1,0,0,0,0,0,0,0,0,0,0
55,data4,data4,0,0,0,0,0,0,0,0,0,0,0,0,0,0,0,0,0,0,0,0,0,0,0,0
56,data5,data5,0,0,0,0,0,0,0,0,0,0,0,0,0,0,0,0,0,0,0,0,0,0,0,0
57,data6,data6,0,0,0,0,0,0,0,0,0,0,0,0,0,0,0,0,0,0,0,0,0,0,0,0
58,data7,data7,0,0,0,0,0,0,0,0,0,0,0,0,0,0,0,0,0,0,0,0,0,0,0,0
59,data8,data8,0,0,0,0,0,0,0,0,0,0,0,0,0,0,0,0,0,0,0,0,0,0,0,0
60,data9,data9,0,0,0,0,0,0,0,0,0,0,0,0,0,0,0,0,0,0,0,0,0,0,0,0
61,d0,dd,0,0,0,0,0,0,0,0,0,0,0,0,0,0,0,0,0,0,0,0,0,0,0,0
62,d1,dd,0,0,0,0,0,0,0,0,0,0,0,0,0,0,0,0,0,0,0,0,0,0,0,0
63,d2,dd,0,0,0,0,0,0,0,0,0,0,0,0,0,0,0,0,0,0,0,0,0,0,0,0
64,d3,dd,0,0,0,0,0,0,0,0,0,0,0,0,0,0,0,0,0,0,0,0,0,0,0,0
65,d4,dd,0,0,0,0,0,0,0,0,0,0,0,0,0,0,0,0,0,0,0,0,0,0,0,0
66,d5,dd,0,0,0,0,0,0,0,0,0,0,0,0,0,0,0,0,0,0,0,0,0,0,0,0
67,d6,dd,0,0,0,0,0,0,0,0,0,0,0,0,0,0,0,0,0,0,0,0,0,0,0,0
68,d7,dd,0,0,0,0,0,0,0,0,0,0,0,0,0,0,0,0,0,0,0,0,0,0,0,0
69,d8,dd,0,0,0,0,0,0,0,0,0,0,0,0,0,0,0,0,0,0,0,0,0,0,0,0
70,d9,dd,0,0,0,0,0,0,0,0,0,0,0,0,0,0,0,0,0,0,0,0,0,0,0,0
71,d10,dd,0,0,0,0,0,0,0,0,0,0,0,0,0,0,0,0,0,0,0,0,0,0,0,0
72,d11,dd,0,0,0,0,0,0,0,0,0,0,0,0,0,0,0,0,0,0,0,0,0,0,0,0
73,d12,dd,0,0,0,0,0,0,0,0,0,0,0,0,0,0,0,0,0,0,0,0,0,0,0,0
74,d13,dd,0,0,0,0,0,0,0,0,0,0,0,0,0,0,0,0,0,0,0,0,0,0,0,0
75,d14,dd,0,0,0,0,0,0,0,0,0,0,0,0,0,0,0,0,0,0,0,0,0,0,0,0
76,d15,dd,0,0,0,0,0,0,0,0,0,0,0,0,0,0,0,0,0,0,0,0,0,0,0,0
77,d16,dd,0,0,0,0,0,0,0,0,0,0,0,0,0,0,0,0,0,0,0,0,0,0,0,0
78,d17,dd,0,0,0,0,0,0,0,0,0,0,0,0,0,0,0,0,0,0,0,0,0,0,0,0
79,d18,dd,0,0,0,0,0,0,0,0,0,0,0,0,0,0,0,0,0,0,0,0,0,0,0,0
80,d19,dd,0,0,0,0,0,0,0,0,0,0,0,0,0,0,0,0,0,0,0,0,0,0,0,0
81,d20,dd,0,0,0,0,0,0,0,0,0,0,0,0,0,0,0,0,0,0,0,0,0,0,0,0
82,d21,dd,0,0,0,0,0,0,0,0,0,0,0,0,0,0,0,0,0,0,0,0,0,0,0,0
83,d22,dd,0,0,0,0,0,0,0,0,0,0,0,0,0,0,0,0,0,0,0,0,0,0,0,0
84,d23,dd,0,0,0,0,0,0,0,0,0,0,0,0,0,0,0,0,0,0,0,0,0,0,0,0
85,d24,dd,0,0,0,0,0,0,0,0,0,0,0,0,0,0,0,0,0,0,0,0,0,0,0,0
86,d25,dd,0,0,0,0,0,0,0,0,0,0,0,0,0,0,0,0,0,0,0,0,0,0,0,0
87,d26,dd,0,0,0,0,0,0,0,0,0,0,0,0,0,0,0,0,0,0,0,0,0,0,0,0
88,d27,dd,0,0,0,0,0,0,0,0,0,0,0,0,0,0,0,0,0,0,0,0,0,0,0,0
89,d28,dd,0,0,0,0,0,0,0,0,0,0,0,0,0,0,0,0,0,0,0,0,0,0,0,0
90,d29,dd,0,0,0,0,0,0,0,0,0,0,0,0,0,0,0,0,0,0,0,0,0,0,0,0
91,d30,dd,0,0,0,0,0,0,0,0,0,0,0,0,0,0,0,0,0,0,0,0,0,0,0,0
92,d31,dd,0,0,0,0,0,0,0,0,0,0,0,0,0,0,0,0,0,0,0,0,0,0,0,0
93,d32,dd,0,0,0,0,0,0,0,0,0,0,0,0,0,0,0,0,0,0,0,0,0,0,0,0
94,d33,dd,0,0,0,0,0,0,0,0,0,0,0,0,0,0,0,0,0,0,0,0,0,0,0,0
95,d34,dd,0,0,0,0,0,0,0,0,0,0,0,0,0,0,0,0,0,0,0,0,0,0,0,0
96,d35,dd,0,0,0,0,0,0,0,0,0,0,0,0,0,0,0,0,0,0,0,0,0,0,0,0
97,d36,dd,0,0,0,0,0,0,0,0,0,0,0,0,0,0,0,0,0,0,0,0,0,0,0,0
98,d37,dd,0,0,0,0,0,0,0,0,0,0,0,0,0,0,0,0,0,0,0,0,0,0,0,0
99,d38,dd,0,0,0,0,0,0,0,0,0,0,0,0,0,0,0,0,0,0,0,0,0,0,0,0
100,d39,dd,0,0,0,0,0,0,0,0,0,0,0,0,0,0,0,0,0,0,0,0,0,0,0,0
101,d40,dd,0,0,0,0,0,0,0,0,0,0,0,0,0,0,0,0,0,0,0,0,0,0,0,0
102,d41,dd,0,0,0,0,0,0,0,0,0,0,0,0,0,0,0,0,0,0,0,0,0,0,0,0
103,d42,dd,0,0,0,0,0,0,0,0,0,0,0,0,0,0,0,0,0,0,0,0,0,0,0,0
104,d43,dd,0,0,0,0,0,0,0,0,0,0,0,0,0,0,0,0,0,0,0,0,0,0,0,0
105,d44,dd,0,0,0,0,0,0,0,0,0,0,0,0,0,0,0,0,0,0,0,0,0,0,0,0
106,d45,dd,0,0,0,0,0,0,0,0,0,0,0,0,0,0,0,0,0,0,0,0,0,0,0,0
107,d46,dd,0,0,0,0,0,0,0,0,0,0,0,0,0,0,0,0,0,0,0,0,0,0,0,0
108,d47,dd,0,0,0,0,0,0,0,0,0,0,0,0,0,0,0,0,0,0,0,0,0,0,0,0
109,d48,dd,0,0,0,0,0,0,0,0,0,0,0,0,0,0,0,0,0,0,0,0,0,0,0,0
110,d49,dd,0,0,0,0,0,0,0,0,0,0,0,0,0,0,0,0,0,0,0,0,0,0,0,0
111,d50,dd,0,0,0,0,0,0,0,0,0,0,0,0,0,0,0,0,0,0,0,0,0,0,0,0
112,d51,dd,0,0,0,0,0,0,0,0,0,0,0,0,0,0,0,0,0,0,0,0,0,0,0,0
113,d52,dd,0,0,0,0,0,0,0,0,0,0,0,0,0,0,0,0,0,0,0,0,0,0,0,0
114,d53,dd,0,0,0,0,0,0,0,0,0,0,0,0,0,0,0,0,0,0,0,0,0,0,0,0
115,d54,dd,0,0,0,0,0,0,0,0,0,0,0,0,0,0,0,0,0,0,0,0,0,0,0,0
116,d55,dd,0,0,0,0,0,0,0,0,0,0,0,0,0,0,0,0,0,0,0,0,0,0,0,0
117,d56,dd,0,0,0,0,0,0,0,0,0,0,0,0,0,0,0,0,0,0,0,0,0,0,0,0
118,d57,dd,0,0,0,0,0,0,0,0,0,0,0,0,0,0,0,0,0,0,0,0,0,0,0,0
119,d58,dd,0,0,0,0,0,0,0,0,0,0,0,0,0,0,0,0,0,0,0,0,0,0,0,0
120,d59,dd,0,0,0,0,0,0,0,0,0,0,0,0,0,0,0,0,0,0,0,0,0,0,0,0
121,d60,dd,0,0,0,0,0,0,0,0,0,0,0,0,0,0,0,0,0,0,0,0,0,0,0,0
122,d61,dd,0,0,0,0,0,0,0,0,0,0,0,0,0,0,0,0,0,0,0,0,0,0,0,0
123,d62,dd,0,0,0,0,0,0,0,0,0,0,0,0,0,0,0,0,0,0,0,0,0,0,0,0
124,d63,dd,0,0,0,0,0,0,0,0,0,0,0,0,0,0,0,0,0,0,0,0,0,0,0,0
125,d64,dd,0,0,0,0,0,0,0,0,0,0,0,0,0,0,0,0,0,0,0,0,0,0,0,0
126,d65,dd,0,0,0,0,0,0,0,0,0,0,0,0,0,0,0,0,0,0,0,0,0,0,0,0
127,d66,dd,0,0,0,0,0,0,0,0,0,0,0,0,0,0,0,0,0,0,0,0,0,0,0,0
128,d67,dd,0,0,0,0,0,0,0,0,0,0,0,0,0,0,0,0,0,0,0,0,0,0,0,0
129,d68,dd,0,0,0,0,0,0,0,0,0,0,0,0,0,0,0,0,0,0,0,0,0,0,0,0
130,d69,dd,0,0,0,0,0,0,0,0,0,0,0,0,0,0,0,0,0,0,0,0,0,0,0,0
131,d70,dd,0,0,0,0,0,0,0,0,0,0,0,0,0,0,0,0,0,0,0,0,0,0,0,0
132,d71,dd,0,0,0,0,0,0,0,0,0,0,0,0,0,0,0,0,0,0,0,0,0,0,0,0
133,d72,dd,0,0,0,0,0,0,0,0,0,0,0,0,0,0,0,0,0,0,0,0,0,0,0,0
134,d73,dd,0,0,0,0,0,0,0,0,0,0,0,0,0,0,0,0,0,0,0,0,0,0,0,0
135,d74,dd,0,0,0,0,0,0,0,0,0,0,0,0,0,0,0,0,0,0,0,0,0,0,0,0
136,d75,dd,0,0,0,0,0,0,0,0,0,0,0,0,0,0,0,0,0,0,0,0,0,0,0,0
137,d76,dd,0,0,0,0,0,0,0,0,0,0,0,0,0,0,0,0,0,0,0,0,0,0,0,0
138,d77,dd,0,0,0,0,0,0,0,0,0,0,0,0,0,0,0,0,0,0,0,0,0,0,0,0
139,d78,dd,0,0,0,0,0,0,0,0,0,0,0,0,0,0,0,0,0,0,0,0,0,0,0,0
140,d79,dd,0,0,0,0,0,0,0,0,0,0,0,0,0,0,0,0,0,0,0,0,0,0,0,0
141,d80,dd,0,0,0,0,0,0,0,0,0,0,0,0,0,0,0,0,0,0,0,0,0,0,0,0
142,d81,dd,0,0,0,0,0,0,0,0,0,0,0,0,0,0,0,0,0,0,0,0,0,0,0,0
143,d82,dd,0,0,0,0,0,0,0,0,0,0,0,0,0,0,0,0,0,0,0,0,0,0,0,0
144,d83,dd,0,0,0,0,0,0,0,0,0,0,0,0,0,0,0,0,0,0,0,0,0,0,0,0
145,d84,dd,0,0,0,0,0,0,0,0,0,0,0,0,0,0,0,0,0,0,0,0,0,0,0,0
146,d85,dd,0,0,0,0,0,0,0,0,0,0,0,0,0,0,0,0,0,0,0,0,0,0,0,0
147,d86,dd,0,0,0,0,0,0,0,0,0,0,0,0,0,0,0,0,0,0,0,0,0,0,0,0
148,d87,dd,0,0,0,0,0,0,0,0,0,0,0,0,0,0,0,0,0,0,0,0,0,0,0,0
149,d88,dd,0,0,0,0,0,0,0,0,0,0,0,0,0,0,0,0,0,0,0,0,0,0,0,0
150,d89,dd,0,0,0,0,0,0,0,0,0,0,0,0,0,0,0,0,0,0,0,0,0,0,0,0
151,d90,dd,0,0,0,0,0,0,0,0,0,0,0,0,0,0,0,0,0,0,0,0,0,0,0,0
